image_name,image_path,predicted_label,predicted_score,top_predictions
A_031_van-wassenhove-residence-living-the-radical-continuity-of-juliaan-lampens-architecture_7.jpg,C:\Users\LZT\Downloads\brutalism_dataset_200\images\A_031_van-wassenhove-residence-living-the-radical-continuity-of-juliaan-lampens-architecture_7.jpg,a photo of a brutalist building,0.754786,a photo of a brutalist building: 0.7548 | a photo of a modern building: 0.1246 | a photo of an interior space: 0.0946
A_032_Kapel_Kerselare_Juliaan_Lampens.jpg,C:\Users\LZT\Downloads\brutalism_dataset_200\images\A_032_Kapel_Kerselare_Juliaan_Lampens.jpg,a photo of a modern building,0.565522,a photo of a modern building: 0.5655 | a photo of a brutalist building: 0.3052 | a photo of a classical building: 0.1151
A_033_beyond-imported-icons-reading-hong-kong-through-tao-ho_18.jpg,C:\Users\LZT\Downloads\brutalism_dataset_200\images\A_033_beyond-imported-icons-reading-hong-kong-through-tao-ho_18.jpg,a photo of an interior space,0.969314,a photo of an interior space: 0.9693 | a photo of a brutalist building: 0.0144 | a photo of a modern building: 0.0102
A_034_quien-ha-ganado-el-premio-pritzker_48.jpg,C:\Users\LZT\Downloads\brutalism_dataset_200\images\A_034_quien-ha-ganado-el-premio-pritzker_48.jpg,a photo of a brutalist building,0.39663,a photo of a brutalist building: 0.3966 | a photo of a classical building: 0.2720 | a photo of a modern building: 0.2105
A_035_louvre_pb.jpg,C:\Users\LZT\Downloads\brutalism_dataset_200\images\A_035_louvre_pb.jpg,a photo of an urban streetscape,0.317219,a photo of an urban streetscape: 0.3172 | a photo of a modern building: 0.3027 | a photo of a classical building: 0.2477
A_036_queensway-reimagined-the-henderson-renews-a-hong-kong-iconic-corridor_1.jpg,C:\Users\LZT\Downloads\brutalism_dataset_200\images\A_036_queensway-reimagined-the-henderson-renews-a-hong-kong-iconic-corridor_1.jpg,a photo of a modern building,0.89942,a photo of a modern building: 0.8994 | a photo of an urban streetscape: 0.0567 | a photo of a brutalist building: 0.0221
A_037_architectural-details-of-the-bauhaus-movement-revisiting-the-glass-corners-and-tubular-steel_20.jpg,C:\Users\LZT\Downloads\brutalism_dataset_200\images\A_037_architectural-details-of-the-bauhaus-movement-revisiting-the-glass-corners-and-tubular-steel_20.jpg,a photo of an interior space,0.729249,a photo of an interior space: 0.7292 | a photo of a modern building: 0.1265 | a photo of a brutalist building: 0.1235
A_038_beyond-imported-icons-reading-hong-kong-through-tao-ho_18.jpg,C:\Users\LZT\Downloads\brutalism_dataset_200\images\A_038_beyond-imported-icons-reading-hong-kong-through-tao-ho_18.jpg,a photo of an interior space,0.969314,a photo of an interior space: 0.9693 | a photo of a brutalist building: 0.0144 | a photo of a modern building: 0.0102
A_039_brutalist-southbank-centre-in-london_1.jpg,C:\Users\LZT\Downloads\brutalism_dataset_200\images\A_039_brutalist-southbank-centre-in-london_1.jpg,a photo of a brutalist building,0.97236,a photo of a brutalist building: 0.9724 | a photo of a modern building: 0.0260 | a photo of a classical building: 0.0014
A_040_Courteosy_of_Utile_and_Reed_Hilderbrand.jpg,C:\Users\LZT\Downloads\brutalism_dataset_200\images\A_040_Courteosy_of_Utile_and_Reed_Hilderbrand.jpg,a photo of a brutalist building,0.994797,a photo of a brutalist building: 0.9948 | a photo of a modern building: 0.0027 | a photo of an interior space: 0.0020
A_041_1728.jpg,C:\Users\LZT\Downloads\brutalism_dataset_200\images\A_041_1728.jpg,a photo of a brutalist building,0.999904,a photo of a brutalist building: 0.9999 | a photo of a modern building: 0.0001 | a photo of an urban streetscape: 0.0000
A_042_brutalist-southbank-centre-in-london_1.jpg,C:\Users\LZT\Downloads\brutalism_dataset_200\images\A_042_brutalist-southbank-centre-in-london_1.jpg,a photo of a brutalist building,0.97236,a photo of a brutalist building: 0.9724 | a photo of a modern building: 0.0260 | a photo of a classical building: 0.0014
A_043_druzhba-sanatorium-a-soviet-monument-suspended-between-earth-and-sea_21.jpg,C:\Users\LZT\Downloads\brutalism_dataset_200\images\A_043_druzhba-sanatorium-a-soviet-monument-suspended-between-earth-and-sea_21.jpg,a photo of a brutalist building,0.462715,a photo of a brutalist building: 0.4627 | a photo of a modern building: 0.3804 | a photo of a classical building: 0.1526
A_044_healing-through-history-the-modernist-pursuit-of-health_7.jpg,C:\Users\LZT\Downloads\brutalism_dataset_200\images\A_044_healing-through-history-the-modernist-pursuit-of-health_7.jpg,a photo of a modern building,0.953174,a photo of a modern building: 0.9532 | a photo of a classical building: 0.0268 | a photo of a brutalist building: 0.0159
A_045_druzhba-sanatorium-a-soviet-monument-suspended-between-earth-and-sea_21.jpg,C:\Users\LZT\Downloads\brutalism_dataset_200\images\A_045_druzhba-sanatorium-a-soviet-monument-suspended-between-earth-and-sea_21.jpg,a photo of a brutalist building,0.462715,a photo of a brutalist building: 0.4627 | a photo of a modern building: 0.3804 | a photo of a classical building: 0.1526
A_046_rediscovering-syrian-modernism-the-center-for-marine-research_14.jpg,C:\Users\LZT\Downloads\brutalism_dataset_200\images\A_046_rediscovering-syrian-modernism-the-center-for-marine-research_14.jpg,a photo of a modern building,0.445465,a photo of a modern building: 0.4455 | a photo of a brutalist building: 0.4396 | a photo of a classical building: 0.0984
A_047_barbican-center-renewal-program-moves-forward-to-secure-the-future-of-londons-brutalist-legacy_4.jpg,C:\Users\LZT\Downloads\brutalism_dataset_200\images\A_047_barbican-center-renewal-program-moves-forward-to-secure-the-future-of-londons-brutalist-legacy_4.jpg,a photo of a brutalist building,0.511775,a photo of a brutalist building: 0.5118 | a photo of an interior space: 0.2228 | a photo of a modern building: 0.1940
A_048_the-barbican-center-to-undergo-major-renewal-and-upgrade-planned-to-begin-first-phase-in-2027_1.jpg,C:\Users\LZT\Downloads\brutalism_dataset_200\images\A_048_the-barbican-center-to-undergo-major-renewal-and-upgrade-planned-to-begin-first-phase-in-2027_1.jpg,a photo of a brutalist building,0.689111,a photo of a brutalist building: 0.6891 | a photo of a modern building: 0.2731 | a photo of an urban streetscape: 0.0300
A_049_barbican-center-renewal-program-moves-forward-to-secure-the-future-of-londons-brutalist-legacy_4.jpg,C:\Users\LZT\Downloads\brutalism_dataset_200\images\A_049_barbican-center-renewal-program-moves-forward-to-secure-the-future-of-londons-brutalist-legacy_4.jpg,a photo of a brutalist building,0.511775,a photo of a brutalist building: 0.5118 | a photo of an interior space: 0.2228 | a photo of a modern building: 0.1940
A_050_moroccan-modern-the-architecture-of-jean-francois-zevaco_1.jpg,C:\Users\LZT\Downloads\brutalism_dataset_200\images\A_050_moroccan-modern-the-architecture-of-jean-francois-zevaco_1.jpg,a photo of a brutalist building,0.836565,a photo of a brutalist building: 0.8366 | a photo of a modern building: 0.1583 | a photo of a classical building: 0.0037
A_051_moroccan-modern-the-architecture-of-jean-francois-zevaco_1.jpg,C:\Users\LZT\Downloads\brutalism_dataset_200\images\A_051_moroccan-modern-the-architecture-of-jean-francois-zevaco_1.jpg,a photo of a brutalist building,0.836565,a photo of a brutalist building: 0.8366 | a photo of a modern building: 0.1583 | a photo of a classical building: 0.0037
A_052_dallas_1.jpg,C:\Users\LZT\Downloads\brutalism_dataset_200\images\A_052_dallas_1.jpg,a photo of a brutalist building,0.649439,a photo of a brutalist building: 0.6494 | a photo of a modern building: 0.3290 | a photo of a classical building: 0.0201
A_053_dallas_1.jpg,C:\Users\LZT\Downloads\brutalism_dataset_200\images\A_053_dallas_1.jpg,a photo of a brutalist building,0.649439,a photo of a brutalist building: 0.6494 | a photo of a modern building: 0.3290 | a photo of a classical building: 0.0201
A_054_limbo-museum_25.jpg,C:\Users\LZT\Downloads\brutalism_dataset_200\images\A_054_limbo-museum_25.jpg,a photo of a modern building,0.767178,a photo of a modern building: 0.7672 | a photo of a classical building: 0.1214 | a photo of a brutalist building: 0.0957
A_055_limbo-museum_25.jpg,C:\Users\LZT\Downloads\brutalism_dataset_200\images\A_055_limbo-museum_25.jpg,a photo of a modern building,0.767178,a photo of a modern building: 0.7672 | a photo of a classical building: 0.1214 | a photo of a brutalist building: 0.0957
A_056_unconventional-playgrounds-built-from-junk-shaped-by-concrete-freed-by-play_2.jpg,C:\Users\LZT\Downloads\brutalism_dataset_200\images\A_056_unconventional-playgrounds-built-from-junk-shaped-by-concrete-freed-by-play_2.jpg,a photo of an urban streetscape,0.653796,a photo of an urban streetscape: 0.6538 | a photo of a modern building: 0.2165 | a photo of an interior space: 0.0700
A_057_playgrounds-as-political-spaces-negotiating-risk-space-and-childhood_14.jpg,C:\Users\LZT\Downloads\brutalism_dataset_200\images\A_057_playgrounds-as-political-spaces-negotiating-risk-space-and-childhood_14.jpg,a photo of an interior space,0.478895,a photo of an interior space: 0.4789 | a photo of an urban streetscape: 0.2696 | a photo of a modern building: 0.1876
A_058_playscapes-and-public-imagination-the-ambiguous-play-in-urban-life-of-hong-kong_1.jpg,C:\Users\LZT\Downloads\brutalism_dataset_200\images\A_058_playscapes-and-public-imagination-the-ambiguous-play-in-urban-life-of-hong-kong_1.jpg,a photo of a modern building,0.521208,a photo of a modern building: 0.5212 | a photo of an interior space: 0.2135 | a photo of a brutalist building: 0.1449
A_059_ninez-y-naturaleza-como-la-arquitectura-integra-culturas-y-aprendizajes-a-traves-del-juego_11.jpg,C:\Users\LZT\Downloads\brutalism_dataset_200\images\A_059_ninez-y-naturaleza-como-la-arquitectura-integra-culturas-y-aprendizajes-a-traves-del-juego_11.jpg,a photo of an urban streetscape,0.792232,a photo of an urban streetscape: 0.7922 | a photo of a brutalist building: 0.0990 | a photo of a modern building: 0.0671
A_060_unconventional-playgrounds-built-from-junk-shaped-by-concrete-freed-by-play_2.jpg,C:\Users\LZT\Downloads\brutalism_dataset_200\images\A_060_unconventional-playgrounds-built-from-junk-shaped-by-concrete-freed-by-play_2.jpg,a photo of an urban streetscape,0.653796,a photo of an urban streetscape: 0.6538 | a photo of a modern building: 0.2165 | a photo of an interior space: 0.0700
A_061_north-macedonia-pavilion_23.jpg,C:\Users\LZT\Downloads\brutalism_dataset_200\images\A_061_north-macedonia-pavilion_23.jpg,a photo of an interior space,0.742058,a photo of an interior space: 0.7421 | a photo of a modern building: 0.1260 | a photo of a brutalist building: 0.1157
A_062_bnl_common-ground.jpg,C:\Users\LZT\Downloads\brutalism_dataset_200\images\A_062_bnl_common-ground.jpg,a photo of an interior space,0.91322,a photo of an interior space: 0.9132 | a photo of a classical building: 0.0508 | a photo of a modern building: 0.0247
A_063_north-macedonia-pavilion_23.jpg,C:\Users\LZT\Downloads\brutalism_dataset_200\images\A_063_north-macedonia-pavilion_23.jpg,a photo of an interior space,0.742058,a photo of an interior space: 0.7421 | a photo of a modern building: 0.1260 | a photo of a brutalist building: 0.1157
A_064_understanding-eco-brutalism-the-paradox-of-structure-sustainability-and-style_44.jpg,C:\Users\LZT\Downloads\brutalism_dataset_200\images\A_064_understanding-eco-brutalism-the-paradox-of-structure-sustainability-and-style_44.jpg,a photo of a brutalist building,0.741082,a photo of a brutalist building: 0.7411 | a photo of a modern building: 0.1956 | a photo of an interior space: 0.0376
A_065_selva-de-pedra-casas-que-exploram-o-contraste-do-concreto-na-vegetacao_14.jpg,C:\Users\LZT\Downloads\brutalism_dataset_200\images\A_065_selva-de-pedra-casas-que-exploram-o-contraste-do-concreto-na-vegetacao_14.jpg,a photo of a modern building,0.716097,a photo of a modern building: 0.7161 | a photo of a brutalist building: 0.1752 | a photo of a classical building: 0.0548
A_066_from-concrete-to-green-canopies-revitalizing-cities-through-natural-design_8.jpg,C:\Users\LZT\Downloads\brutalism_dataset_200\images\A_066_from-concrete-to-green-canopies-revitalizing-cities-through-natural-design_8.jpg,a photo of a modern building,0.359807,a photo of a modern building: 0.3598 | a photo of a brutalist building: 0.3494 | a photo of an urban streetscape: 0.2385
A_067_understanding-eco-brutalism-the-paradox-of-structure-sustainability-and-style_44.jpg,C:\Users\LZT\Downloads\brutalism_dataset_200\images\A_067_understanding-eco-brutalism-the-paradox-of-structure-sustainability-and-style_44.jpg,a photo of a brutalist building,0.741082,a photo of a brutalist building: 0.7411 | a photo of a modern building: 0.1956 | a photo of an interior space: 0.0376
A_068_forming-a-distinct-identity-brutalism-in-american-architecture-education_2.jpg,C:\Users\LZT\Downloads\brutalism_dataset_200\images\A_068_forming-a-distinct-identity-brutalism-in-american-architecture-education_2.jpg,a photo of an interior space,0.777333,a photo of an interior space: 0.7773 | a photo of a modern building: 0.1761 | a photo of a brutalist building: 0.0360
A_069_15_Escuela_infantil_CariC3B1ena_C2A9Milena_Villalba_2020.jpg,C:\Users\LZT\Downloads\brutalism_dataset_200\images\A_069_15_Escuela_infantil_CariC3B1ena_C2A9Milena_Villalba_2020.jpg,a photo of an interior space,0.781102,a photo of an interior space: 0.7811 | a photo of a modern building: 0.1751 | a photo of a brutalist building: 0.0162
A_070_forming-a-distinct-identity-brutalism-in-american-architecture-education_2.jpg,C:\Users\LZT\Downloads\brutalism_dataset_200\images\A_070_forming-a-distinct-identity-brutalism-in-american-architecture-education_2.jpg,a photo of an interior space,0.777333,a photo of an interior space: 0.7773 | a photo of a modern building: 0.1761 | a photo of a brutalist building: 0.0360
A_071_between-geometric-shapes-and-raw-materials-the-case-of-brutalism-in-italy_7.jpg,C:\Users\LZT\Downloads\brutalism_dataset_200\images\A_071_between-geometric-shapes-and-raw-materials-the-case-of-brutalism-in-italy_7.jpg,a photo of a brutalist building,0.667288,a photo of a brutalist building: 0.6673 | a photo of a modern building: 0.2682 | a photo of a classical building: 0.0467
A_072_between-geometric-shapes-and-raw-materials-the-case-of-brutalism-in-italy_7.jpg,C:\Users\LZT\Downloads\brutalism_dataset_200\images\A_072_between-geometric-shapes-and-raw-materials-the-case-of-brutalism-in-italy_7.jpg,a photo of a brutalist building,0.667288,a photo of a brutalist building: 0.6673 | a photo of a modern building: 0.2682 | a photo of a classical building: 0.0467
A_073_unwrapped-interiors-a-case-for-material-authenticity-and-clarity_1.jpg,C:\Users\LZT\Downloads\brutalism_dataset_200\images\A_073_unwrapped-interiors-a-case-for-material-authenticity-and-clarity_1.jpg,a photo of an interior space,0.67384,a photo of an interior space: 0.6738 | a photo of a brutalist building: 0.2252 | a photo of a modern building: 0.0787
A_074_unwrapped-interiors-a-case-for-material-authenticity-and-clarity_1.jpg,C:\Users\LZT\Downloads\brutalism_dataset_200\images\A_074_unwrapped-interiors-a-case-for-material-authenticity-and-clarity_1.jpg,a photo of an interior space,0.67384,a photo of an interior space: 0.6738 | a photo of a brutalist building: 0.2252 | a photo of a modern building: 0.0787
A_075_how-to-save-a-building-from-demolition-emerging-procedures-to-uncover-the-potential-of-existing-structures_4.jpg,C:\Users\LZT\Downloads\brutalism_dataset_200\images\A_075_how-to-save-a-building-from-demolition-emerging-procedures-to-uncover-the-potential-of-existing-structures_4.jpg,a photo of a brutalist building,0.480082,a photo of a brutalist building: 0.4801 | a photo of a modern building: 0.2572 | a photo of a classical building: 0.2023
A_076_how-to-save-a-building-from-demolition-emerging-procedures-to-uncover-the-potential-of-existing-structures_4.jpg,C:\Users\LZT\Downloads\brutalism_dataset_200\images\A_076_how-to-save-a-building-from-demolition-emerging-procedures-to-uncover-the-potential-of-existing-structures_4.jpg,a photo of a brutalist building,0.480082,a photo of a brutalist building: 0.4801 | a photo of a modern building: 0.2572 | a photo of a classical building: 0.2023
A_077_saving-brutalism-why-boston-city-halls-renovation-challenges-the-demolition-debate_1.jpg,C:\Users\LZT\Downloads\brutalism_dataset_200\images\A_077_saving-brutalism-why-boston-city-halls-renovation-challenges-the-demolition-debate_1.jpg,a photo of a brutalist building,0.968062,a photo of a brutalist building: 0.9681 | a photo of a modern building: 0.0212 | a photo of a classical building: 0.0065
A_078_rescuing-architecture-stories-of-buildings-saved-from-demolition_6.jpg,C:\Users\LZT\Downloads\brutalism_dataset_200\images\A_078_rescuing-architecture-stories-of-buildings-saved-from-demolition_6.jpg,a photo of a brutalist building,0.976096,a photo of a brutalist building: 0.9761 | a photo of a modern building: 0.0138 | a photo of an urban streetscape: 0.0070
A_079_boston-city-hall-image-courtesy-of-utile-and-reed-hilderbrand.jpg,C:\Users\LZT\Downloads\brutalism_dataset_200\images\A_079_boston-city-hall-image-courtesy-of-utile-and-reed-hilderbrand.jpg,a photo of a brutalist building,0.994761,a photo of a brutalist building: 0.9948 | a photo of a modern building: 0.0027 | a photo of an interior space: 0.0020
A_080_brutalism-and-bureaucracy-an-architectural-language-of-authority-in-the-postwar-united-states_5.jpg,C:\Users\LZT\Downloads\brutalism_dataset_200\images\A_080_brutalism-and-bureaucracy-an-architectural-language-of-authority-in-the-postwar-united-states_5.jpg,a photo of a brutalist building,0.962223,a photo of a brutalist building: 0.9622 | a photo of a modern building: 0.0297 | a photo of an urban streetscape: 0.0048
A_081_APS-at-Priory-Walk-e1297701703123.jpg,C:\Users\LZT\Downloads\brutalism_dataset_200\images\A_081_APS-at-Priory-Walk-e1297701703123.jpg,a photo of an interior space,0.739782,a photo of an interior space: 0.7398 | a photo of a brutalist building: 0.1717 | a photo of a modern building: 0.0393
A_082_brutalism-and-bureaucracy-an-architectural-language-of-authority-in-the-postwar-united-states_5.jpg,C:\Users\LZT\Downloads\brutalism_dataset_200\images\A_082_brutalism-and-bureaucracy-an-architectural-language-of-authority-in-the-postwar-united-states_5.jpg,a photo of a brutalist building,0.962223,a photo of a brutalist building: 0.9622 | a photo of a modern building: 0.0297 | a photo of an urban streetscape: 0.0048
A_083_Kkummaru_-_Old_Country_Club_by_Blue_Crow_Media.jpg,C:\Users\LZT\Downloads\brutalism_dataset_200\images\A_083_Kkummaru_-_Old_Country_Club_by_Blue_Crow_Media.jpg,a photo of a brutalist building,0.988503,a photo of a brutalist building: 0.9885 | a photo of an urban streetscape: 0.0078 | a photo of a modern building: 0.0027
A_084_NDDB_Building_1.jpg,C:\Users\LZT\Downloads\brutalism_dataset_200\images\A_084_NDDB_Building_1.jpg,a photo of a brutalist building,0.992091,a photo of a brutalist building: 0.9921 | a photo of a modern building: 0.0062 | a photo of a classical building: 0.0014
A_085_NDDB_Building_1.jpg,C:\Users\LZT\Downloads\brutalism_dataset_200\images\A_085_NDDB_Building_1.jpg,a photo of a brutalist building,0.992091,a photo of a brutalist building: 0.9921 | a photo of a modern building: 0.0062 | a photo of a classical building: 0.0014
A_086_Weight_of_the_World_01.jpg,C:\Users\LZT\Downloads\brutalism_dataset_200\images\A_086_Weight_of_the_World_01.jpg,a photo of a classical building,0.91865,a photo of a classical building: 0.9187 | a photo of an interior space: 0.0535 | a photo of a modern building: 0.0152
A_087_Weight_of_the_World_01.jpg,C:\Users\LZT\Downloads\brutalism_dataset_200\images\A_087_Weight_of_the_World_01.jpg,a photo of a classical building,0.91865,a photo of a classical building: 0.9187 | a photo of an interior space: 0.0535 | a photo of a modern building: 0.0152
A_088_2.jpg,C:\Users\LZT\Downloads\brutalism_dataset_200\images\A_088_2.jpg,a photo of an urban streetscape,0.692526,a photo of an urban streetscape: 0.6925 | a photo of a modern building: 0.2088 | a photo of a brutalist building: 0.0745
A_089_2.jpg,C:\Users\LZT\Downloads\brutalism_dataset_200\images\A_089_2.jpg,a photo of an urban streetscape,0.692526,a photo of an urban streetscape: 0.6925 | a photo of a modern building: 0.2088 | a photo of a brutalist building: 0.0745
A_090_skopje_map_and_open.jpg,C:\Users\LZT\Downloads\brutalism_dataset_200\images\A_090_skopje_map_and_open.jpg,a photo of a brutalist building,0.788078,a photo of a brutalist building: 0.7881 | a photo of a modern building: 0.1137 | a photo of an urban streetscape: 0.0600
A_091_skopje_map_and_open.jpg,C:\Users\LZT\Downloads\brutalism_dataset_200\images\A_091_skopje_map_and_open.jpg,a photo of a brutalist building,0.788078,a photo of a brutalist building: 0.7881 | a photo of a modern building: 0.1137 | a photo of an urban streetscape: 0.0600
A_092_20111772669_83c56fdea1_k.jpg,C:\Users\LZT\Downloads\brutalism_dataset_200\images\A_092_20111772669_83c56fdea1_k.jpg,a photo of an urban streetscape,0.531671,a photo of an urban streetscape: 0.5317 | a photo of a modern building: 0.2875 | a photo of a brutalist building: 0.1533
A_093_4970314282_1aac0de9ee_o.jpg,C:\Users\LZT\Downloads\brutalism_dataset_200\images\A_093_4970314282_1aac0de9ee_o.jpg,a photo of an urban streetscape,0.709311,a photo of an urban streetscape: 0.7093 | a photo of a classical building: 0.2461 | a photo of a modern building: 0.0297
A_094_20111772669_83c56fdea1_k.jpg,C:\Users\LZT\Downloads\brutalism_dataset_200\images\A_094_20111772669_83c56fdea1_k.jpg,a photo of an urban streetscape,0.531671,a photo of an urban streetscape: 0.5317 | a photo of a modern building: 0.2875 | a photo of a brutalist building: 0.1533
A_095_BarbicanEstate_JoasSouza_07.jpg,C:\Users\LZT\Downloads\brutalism_dataset_200\images\A_095_BarbicanEstate_JoasSouza_07.jpg,a photo of a brutalist building,0.827064,a photo of a brutalist building: 0.8271 | a photo of a modern building: 0.1087 | a photo of a classical building: 0.0299
A_096_peter-zumthors-lacmas-new-david-geffen-galleries-opening_31.jpg,C:\Users\LZT\Downloads\brutalism_dataset_200\images\A_096_peter-zumthors-lacmas-new-david-geffen-galleries-opening_31.jpg,a photo of a modern building,0.924398,a photo of a modern building: 0.9244 | a photo of a brutalist building: 0.0312 | a photo of a classical building: 0.0310
A_097_lacma-sets-april-2026-opening-for-peter-zumthor-designed-galleries-in-los-angeles-united-states_4.jpg,C:\Users\LZT\Downloads\brutalism_dataset_200\images\A_097_lacma-sets-april-2026-opening-for-peter-zumthor-designed-galleries-in-los-angeles-united-states_4.jpg,a photo of a modern building,0.810075,a photo of a modern building: 0.8101 | a photo of a brutalist building: 0.0980 | a photo of a classical building: 0.0496
A_098_peter-zumthors-lacmas-new-david-geffen-galleries-opening_31.jpg,C:\Users\LZT\Downloads\brutalism_dataset_200\images\A_098_peter-zumthors-lacmas-new-david-geffen-galleries-opening_31.jpg,a photo of a modern building,0.924398,a photo of a modern building: 0.9244 | a photo of a brutalist building: 0.0312 | a photo of a classical building: 0.0310
A_099_capsule-retreat-building-through-process-in-the-mountains-of-lebanon_12.jpg,C:\Users\LZT\Downloads\brutalism_dataset_200\images\A_099_capsule-retreat-building-through-process-in-the-mountains-of-lebanon_12.jpg,a photo of a modern building,0.469806,a photo of a modern building: 0.4698 | a photo of a brutalist building: 0.3413 | a photo of an interior space: 0.1420
A_100_capsule-retreat-building-through-process-in-the-mountains-of-lebanon_12.jpg,C:\Users\LZT\Downloads\brutalism_dataset_200\images\A_100_capsule-retreat-building-through-process-in-the-mountains-of-lebanon_12.jpg,a photo of a modern building,0.469806,a photo of a modern building: 0.4698 | a photo of a brutalist building: 0.3413 | a photo of an interior space: 0.1420
A_101_how-to-measure-the-life-cycle-of-a-construction-material_1.jpg,C:\Users\LZT\Downloads\brutalism_dataset_200\images\A_101_how-to-measure-the-life-cycle-of-a-construction-material_1.jpg,a photo of an interior space,0.662039,a photo of an interior space: 0.6620 | a photo of an urban streetscape: 0.1408 | a photo of a modern building: 0.1251
A_102_demolition-of-christian-kerezs-pearling-path-car-parks-underway-in-bahrain_5.jpg,C:\Users\LZT\Downloads\brutalism_dataset_200\images\A_102_demolition-of-christian-kerezs-pearling-path-car-parks-underway-in-bahrain_5.jpg,a photo of a brutalist building,0.650245,a photo of a brutalist building: 0.6502 | a photo of an urban streetscape: 0.1987 | a photo of a modern building: 0.1275
A_103_muharraq-architecture-city-guide-10-projects-through-the-citys-developing-pearling-path_21.jpg,C:\Users\LZT\Downloads\brutalism_dataset_200\images\A_103_muharraq-architecture-city-guide-10-projects-through-the-citys-developing-pearling-path_21.jpg,a photo of an urban streetscape,0.791611,a photo of an urban streetscape: 0.7916 | a photo of a classical building: 0.1511 | a photo of an interior space: 0.0372
A_104_demolition-of-christian-kerezs-pearling-path-car-parks-underway-in-bahrain_5.jpg,C:\Users\LZT\Downloads\brutalism_dataset_200\images\A_104_demolition-of-christian-kerezs-pearling-path-car-parks-underway-in-bahrain_5.jpg,a photo of a brutalist building,0.650245,a photo of a brutalist building: 0.6502 | a photo of an urban streetscape: 0.1987 | a photo of a modern building: 0.1275
A_105_oma-mushroom-pavilion_6.jpg,C:\Users\LZT\Downloads\brutalism_dataset_200\images\A_105_oma-mushroom-pavilion_6.jpg,a photo of a brutalist building,0.610757,a photo of a brutalist building: 0.6108 | a photo of a modern building: 0.1824 | a photo of an interior space: 0.1160
A_106_oma-mushroom-pavilion_6.jpg,C:\Users\LZT\Downloads\brutalism_dataset_200\images\A_106_oma-mushroom-pavilion_6.jpg,a photo of a brutalist building,0.610757,a photo of a brutalist building: 0.6108 | a photo of a modern building: 0.1824 | a photo of an interior space: 0.1160
A_107_interview-aziza-chaouni_18.jpg,C:\Users\LZT\Downloads\brutalism_dataset_200\images\A_107_interview-aziza-chaouni_18.jpg,a photo of a modern building,0.503377,a photo of a modern building: 0.5034 | a photo of a classical building: 0.3237 | a photo of an urban streetscape: 0.0903
A_108_beyond-universal-models-the-turn-toward-situated-architecture_3.jpg,C:\Users\LZT\Downloads\brutalism_dataset_200\images\A_108_beyond-universal-models-the-turn-toward-situated-architecture_3.jpg,a photo of a modern building,0.89983,a photo of a modern building: 0.8998 | a photo of an interior space: 0.0520 | a photo of an urban streetscape: 0.0276
A_109_land-of-wells-designing-for-saharan-nomads_3.jpg,C:\Users\LZT\Downloads\brutalism_dataset_200\images\A_109_land-of-wells-designing-for-saharan-nomads_3.jpg,a photo of an interior space,0.543504,a photo of an interior space: 0.5435 | a photo of an urban streetscape: 0.1865 | a photo of a modern building: 0.1755
A_110_calibrated-rawness-studio-1-1-and-the-discipline-of-making-in-hong-kong-and-beyond_11.jpg,C:\Users\LZT\Downloads\brutalism_dataset_200\images\A_110_calibrated-rawness-studio-1-1-and-the-discipline-of-making-in-hong-kong-and-beyond_11.jpg,a photo of an interior space,0.952385,a photo of an interior space: 0.9524 | a photo of a modern building: 0.0381 | a photo of an urban streetscape: 0.0051
A_111_da-industria-a-sala-de-estar-mobiliarios-de-metal-na-arquitetura-de-interiores_26.jpg,C:\Users\LZT\Downloads\brutalism_dataset_200\images\A_111_da-industria-a-sala-de-estar-mobiliarios-de-metal-na-arquitetura-de-interiores_26.jpg,a photo of an interior space,0.961804,a photo of an interior space: 0.9618 | a photo of a brutalist building: 0.0268 | a photo of a modern building: 0.0050
A_112_rethinking-interior-surfaces-from-finishes-to-frameworks_3.jpg,C:\Users\LZT\Downloads\brutalism_dataset_200\images\A_112_rethinking-interior-surfaces-from-finishes-to-frameworks_3.jpg,a photo of an interior space,0.942841,a photo of an interior space: 0.9428 | a photo of a modern building: 0.0401 | a photo of an urban streetscape: 0.0111
A_113_dialogue-with-the-code-calibrating-standards-for-adaptive-reuse-to-thrive_1.jpg,C:\Users\LZT\Downloads\brutalism_dataset_200\images\A_113_dialogue-with-the-code-calibrating-standards-for-adaptive-reuse-to-thrive_1.jpg,a photo of an interior space,0.958587,a photo of an interior space: 0.9586 | a photo of a brutalist building: 0.0168 | a photo of a modern building: 0.0123
A_114_apartamentos-com-estrutura-aparente_11.jpg,C:\Users\LZT\Downloads\brutalism_dataset_200\images\A_114_apartamentos-com-estrutura-aparente_11.jpg,a photo of an interior space,0.553452,a photo of an interior space: 0.5535 | a photo of a brutalist building: 0.4149 | a photo of a modern building: 0.0293
A_115_calibrated-rawness-studio-1-1-and-the-discipline-of-making-in-hong-kong-and-beyond_11.jpg,C:\Users\LZT\Downloads\brutalism_dataset_200\images\A_115_calibrated-rawness-studio-1-1-and-the-discipline-of-making-in-hong-kong-and-beyond_11.jpg,a photo of an interior space,0.952385,a photo of an interior space: 0.9524 | a photo of a modern building: 0.0381 | a photo of an urban streetscape: 0.0051
A_116_20-practices-shaping-the-future-of-architecture-winners-of-the-archdaily-2025-next-practices-awards_1.jpg,C:\Users\LZT\Downloads\brutalism_dataset_200\images\A_116_20-practices-shaping-the-future-of-architecture-winners-of-the-archdaily-2025-next-practices-awards_1.jpg,a photo of a modern building,0.544613,a photo of a modern building: 0.5446 | a photo of a brutalist building: 0.2201 | a photo of a classical building: 0.1242
A_117_holcim-interview-kunle_1.jpg,C:\Users\LZT\Downloads\brutalism_dataset_200\images\A_117_holcim-interview-kunle_1.jpg,a photo of a modern building,0.849297,a photo of a modern building: 0.8493 | a photo of a classical building: 0.0876 | a photo of an urban streetscape: 0.0319
A_118_holcim-interview-kunle_1.jpg,C:\Users\LZT\Downloads\brutalism_dataset_200\images\A_118_holcim-interview-kunle_1.jpg,a photo of a modern building,0.849297,a photo of a modern building: 0.8493 | a photo of a classical building: 0.0876 | a photo of an urban streetscape: 0.0319
A_119_between-housing-demand-and-environmental-goals-alejandro-aravena-on-incremental-solutions-and-net-zero-concrete_1.jpg,C:\Users\LZT\Downloads\brutalism_dataset_200\images\A_119_between-housing-demand-and-environmental-goals-alejandro-aravena-on-incremental-solutions-and-net-zero-concrete_1.jpg,a photo of an urban streetscape,0.873307,a photo of an urban streetscape: 0.8733 | a photo of a modern building: 0.0923 | a photo of a brutalist building: 0.0127
A_120_interior-design-trends-of-2025_37.jpg,C:\Users\LZT\Downloads\brutalism_dataset_200\images\A_120_interior-design-trends-of-2025_37.jpg,a photo of an interior space,0.843477,a photo of an interior space: 0.8435 | a photo of a modern building: 0.0762 | a photo of a classical building: 0.0428
A_121_10-interior-design-trends-of-2024_5.jpg,C:\Users\LZT\Downloads\brutalism_dataset_200\images\A_121_10-interior-design-trends-of-2024_5.jpg,a photo of a brutalist building,0.448232,a photo of a brutalist building: 0.4482 | a photo of an interior space: 0.4232 | a photo of a modern building: 0.0955
A_122_interior-design-trends-of-2025_37.jpg,C:\Users\LZT\Downloads\brutalism_dataset_200\images\A_122_interior-design-trends-of-2025_37.jpg,a photo of an interior space,0.843477,a photo of an interior space: 0.8435 | a photo of a modern building: 0.0762 | a photo of a classical building: 0.0428
A_123_architecture-in-ecuador-16-projects-rooted-in-territory-craft-and-collective-practice_4.jpg,C:\Users\LZT\Downloads\brutalism_dataset_200\images\A_123_architecture-in-ecuador-16-projects-rooted-in-territory-craft-and-collective-practice_4.jpg,a photo of an interior space,0.474194,a photo of an interior space: 0.4742 | a photo of an urban streetscape: 0.3770 | a photo of a modern building: 0.1011
A_124_el-uso-de-la-cana-en-la-arquitectura-10-casas-latinoamericanas-que-utilizan-materiales-locales_22.jpg,C:\Users\LZT\Downloads\brutalism_dataset_200\images\A_124_el-uso-de-la-cana-en-la-arquitectura-10-casas-latinoamericanas-que-utilizan-materiales-locales_22.jpg,a photo of an interior space,0.721643,a photo of an interior space: 0.7216 | a photo of a modern building: 0.1459 | a photo of an urban streetscape: 0.0584
A_125_architecture-in-ecuador-16-projects-rooted-in-territory-craft-and-collective-practice_4.jpg,C:\Users\LZT\Downloads\brutalism_dataset_200\images\A_125_architecture-in-ecuador-16-projects-rooted-in-territory-craft-and-collective-practice_4.jpg,a photo of an interior space,0.474194,a photo of an interior space: 0.4742 | a photo of an urban streetscape: 0.3770 | a photo of a modern building: 0.1011
A_126_ethos-of-subtraction-and-addition-adaptive-reuse-projects-for-commercial-and-social-spaces-in-asia_21.jpg,C:\Users\LZT\Downloads\brutalism_dataset_200\images\A_126_ethos-of-subtraction-and-addition-adaptive-reuse-projects-for-commercial-and-social-spaces-in-asia_21.jpg,a photo of a modern building,0.53336,a photo of a modern building: 0.5334 | a photo of an interior space: 0.3214 | a photo of a classical building: 0.0960
A_127_hong-kongs-adaptive-reuse-projects-a-case-study-in-urban-renewal-for-cities-with-a-colonial-history_2.jpg,C:\Users\LZT\Downloads\brutalism_dataset_200\images\A_127_hong-kongs-adaptive-reuse-projects-a-case-study-in-urban-renewal-for-cities-with-a-colonial-history_2.jpg,a photo of a modern building,0.680954,a photo of a modern building: 0.6810 | a photo of a brutalist building: 0.1575 | a photo of an urban streetscape: 0.1476
A_128_12-cultural-spaces-that-owe-their-power-to-adaptive-reuse_5.jpg,C:\Users\LZT\Downloads\brutalism_dataset_200\images\A_128_12-cultural-spaces-that-owe-their-power-to-adaptive-reuse_5.jpg,a photo of an interior space,0.982258,a photo of an interior space: 0.9823 | a photo of a brutalist building: 0.0083 | a photo of a classical building: 0.0070
A_129_elemental-shores-in-the-asia-pacific-concrete-recasts-the-beach-house_5.jpg,C:\Users\LZT\Downloads\brutalism_dataset_200\images\A_129_elemental-shores-in-the-asia-pacific-concrete-recasts-the-beach-house_5.jpg,a photo of a modern building,0.826741,a photo of a modern building: 0.8267 | a photo of a brutalist building: 0.1317 | a photo of a classical building: 0.0185
A_130_disenar-en-armonia-con-la-naturaleza-arquitectura-en-humedales-urbanos-y-una-busqueda-del-bienestar-territorial_26.jpg,C:\Users\LZT\Downloads\brutalism_dataset_200\images\A_130_disenar-en-armonia-con-la-naturaleza-arquitectura-en-humedales-urbanos-y-una-busqueda-del-bienestar-territorial_26.jpg,a photo of a modern building,0.837128,a photo of a modern building: 0.8371 | a photo of an interior space: 0.0918 | a photo of a classical building: 0.0369
A_131_elements-of-a-complete-architecture-the-furniture-of-louis-i-kahn_1.jpg,C:\Users\LZT\Downloads\brutalism_dataset_200\images\A_131_elements-of-a-complete-architecture-the-furniture-of-louis-i-kahn_1.jpg,a photo of a brutalist building,0.692673,a photo of a brutalist building: 0.6927 | a photo of a modern building: 0.2122 | a photo of a classical building: 0.0496
A_132_10-timber-projects-rethinking-wood-construction-in-contemporary-china_1.jpg,C:\Users\LZT\Downloads\brutalism_dataset_200\images\A_132_10-timber-projects-rethinking-wood-construction-in-contemporary-china_1.jpg,a photo of a modern building,0.530425,a photo of a modern building: 0.5304 | a photo of a classical building: 0.3726 | a photo of an interior space: 0.0385
A_134_elemental-shores-in-the-asia-pacific-concrete-recasts-the-beach-house_5.jpg,C:\Users\LZT\Downloads\brutalism_dataset_200\images\A_134_elemental-shores-in-the-asia-pacific-concrete-recasts-the-beach-house_5.jpg,a photo of a modern building,0.826741,a photo of a modern building: 0.8267 | a photo of a brutalist building: 0.1317 | a photo of a classical building: 0.0185
A_135_o-pavilhao-silencioso-carlo-scarpa-e-o-giardino-delle-sculture-da-bienal-de-veneza_1.jpg,C:\Users\LZT\Downloads\brutalism_dataset_200\images\A_135_o-pavilhao-silencioso-carlo-scarpa-e-o-giardino-delle-sculture-da-bienal-de-veneza_1.jpg,a photo of an interior space,0.439011,a photo of an interior space: 0.4390 | a photo of an urban streetscape: 0.2096 | a photo of a modern building: 0.1706
A_136_from-little-venice-to-venice-the-narrative-of-carlo-scarpas-venezuela-pavilion_19.jpg,C:\Users\LZT\Downloads\brutalism_dataset_200\images\A_136_from-little-venice-to-venice-the-narrative-of-carlo-scarpas-venezuela-pavilion_19.jpg,a photo of a modern building,0.585687,a photo of a modern building: 0.5857 | a photo of a brutalist building: 0.3265 | a photo of a classical building: 0.0643
A_137_o-pavilhao-silencioso-carlo-scarpa-e-o-giardino-delle-sculture-da-bienal-de-veneza_1.jpg,C:\Users\LZT\Downloads\brutalism_dataset_200\images\A_137_o-pavilhao-silencioso-carlo-scarpa-e-o-giardino-delle-sculture-da-bienal-de-veneza_1.jpg,a photo of an interior space,0.439011,a photo of an interior space: 0.4390 | a photo of an urban streetscape: 0.2096 | a photo of a modern building: 0.1706
A_138_seamless-surfaces-exploring-the-benefits-of-liquid-applied-finishes-with-12-projects_1.jpg,C:\Users\LZT\Downloads\brutalism_dataset_200\images\A_138_seamless-surfaces-exploring-the-benefits-of-liquid-applied-finishes-with-12-projects_1.jpg,a photo of an interior space,0.954671,a photo of an interior space: 0.9547 | a photo of a classical building: 0.0201 | a photo of a brutalist building: 0.0114
A_139_the-architect-as-a-scientist-new-materials-emerging-between-science-and-design_1.jpg,C:\Users\LZT\Downloads\brutalism_dataset_200\images\A_139_the-architect-as-a-scientist-new-materials-emerging-between-science-and-design_1.jpg,a photo of an interior space,0.953901,a photo of an interior space: 0.9539 | a photo of a modern building: 0.0317 | a photo of a classical building: 0.0083
A_140_int-7-original.jpg,C:\Users\LZT\Downloads\brutalism_dataset_200\images\A_140_int-7-original.jpg,a photo of an interior space,0.673706,a photo of an interior space: 0.6737 | a photo of a brutalist building: 0.2558 | a photo of a classical building: 0.0345
A_141_la-madera-en-la-arquitectura-las-mejores-estrategias-y-tendencias-de-diseno_4.jpg,C:\Users\LZT\Downloads\brutalism_dataset_200\images\A_141_la-madera-en-la-arquitectura-las-mejores-estrategias-y-tendencias-de-diseno_4.jpg,a photo of an interior space,0.830535,a photo of an interior space: 0.8305 | a photo of a modern building: 0.1492 | a photo of a classical building: 0.0143
A_142_thinking-globally-building-locally-glocalization-and-the-ethical-use-of-materials_1.jpg,C:\Users\LZT\Downloads\brutalism_dataset_200\images\A_142_thinking-globally-building-locally-glocalization-and-the-ethical-use-of-materials_1.jpg,a photo of an urban streetscape,0.658687,a photo of an urban streetscape: 0.6587 | a photo of a modern building: 0.1743 | a photo of an interior space: 0.1431
A_143_steven-keating-4.jpg,C:\Users\LZT\Downloads\brutalism_dataset_200\images\A_143_steven-keating-4.jpg,a photo of an interior space,0.730166,a photo of an interior space: 0.7302 | a photo of an urban streetscape: 0.1572 | a photo of a modern building: 0.0825
A_144_the-architect-as-a-scientist-new-materials-emerging-between-science-and-design_1.jpg,C:\Users\LZT\Downloads\brutalism_dataset_200\images\A_144_the-architect-as-a-scientist-new-materials-emerging-between-science-and-design_1.jpg,a photo of an interior space,0.953901,a photo of an interior space: 0.9539 | a photo of a modern building: 0.0317 | a photo of a classical building: 0.0083
A_145_las-50-mejores-casas-latinoamericanas-de-2024_59.jpg,C:\Users\LZT\Downloads\brutalism_dataset_200\images\A_145_las-50-mejores-casas-latinoamericanas-de-2024_59.jpg,a photo of a modern building,0.803231,a photo of a modern building: 0.8032 | a photo of a brutalist building: 0.1183 | a photo of a classical building: 0.0591
A_146_las-50-mejores-casas-latinoamericanas-de-2024_59.jpg,C:\Users\LZT\Downloads\brutalism_dataset_200\images\A_146_las-50-mejores-casas-latinoamericanas-de-2024_59.jpg,a photo of a modern building,0.803231,a photo of a modern building: 0.8032 | a photo of a brutalist building: 0.1183 | a photo of a classical building: 0.0591
A_147_edificios-cbr-e-lh-187-pre-fabricacao-e-ousadia-formal-no-modernismo-belga_26.jpg,C:\Users\LZT\Downloads\brutalism_dataset_200\images\A_147_edificios-cbr-e-lh-187-pre-fabricacao-e-ousadia-formal-no-modernismo-belga_26.jpg,a photo of a modern building,0.790605,a photo of a modern building: 0.7906 | a photo of a brutalist building: 0.1720 | a photo of a classical building: 0.0336
A_148_qual-a-diferenca-entre-estrutura-de-concreto-pre-moldada-e-pre-fabricada_11.jpg,C:\Users\LZT\Downloads\brutalism_dataset_200\images\A_148_qual-a-diferenca-entre-estrutura-de-concreto-pre-moldada-e-pre-fabricada_11.jpg,a photo of a brutalist building,0.615905,a photo of a brutalist building: 0.6159 | a photo of a modern building: 0.3716 | a photo of a classical building: 0.0096
A_149_edificios-cbr-e-lh-187-pre-fabricacao-e-ousadia-formal-no-modernismo-belga_26.jpg,C:\Users\LZT\Downloads\brutalism_dataset_200\images\A_149_edificios-cbr-e-lh-187-pre-fabricacao-e-ousadia-formal-no-modernismo-belga_26.jpg,a photo of a modern building,0.790605,a photo of a modern building: 0.7906 | a photo of a brutalist building: 0.1720 | a photo of a classical building: 0.0336
A_150_antimonumentalidade-e-vocacao-social-a-igreja-do-sagrado-coracao-de-jesus-no-contexto-urbano-de-lisboa_7.jpg,C:\Users\LZT\Downloads\brutalism_dataset_200\images\A_150_antimonumentalidade-e-vocacao-social-a-igreja-do-sagrado-coracao-de-jesus-no-contexto-urbano-de-lisboa_7.jpg,a photo of a brutalist building,0.348336,a photo of a brutalist building: 0.3483 | a photo of an urban streetscape: 0.2673 | a photo of a modern building: 0.1910
A_151_antimonumentalidade-e-vocacao-social-a-igreja-do-sagrado-coracao-de-jesus-no-contexto-urbano-de-lisboa_7.jpg,C:\Users\LZT\Downloads\brutalism_dataset_200\images\A_151_antimonumentalidade-e-vocacao-social-a-igreja-do-sagrado-coracao-de-jesus-no-contexto-urbano-de-lisboa_7.jpg,a photo of a brutalist building,0.348336,a photo of a brutalist building: 0.3483 | a photo of an urban streetscape: 0.2673 | a photo of a modern building: 0.1910
A_152_la-expresividad-del-hormigon-visto-explorando-las-obras-de-luciano-kruk_31.jpg,C:\Users\LZT\Downloads\brutalism_dataset_200\images\A_152_la-expresividad-del-hormigon-visto-explorando-las-obras-de-luciano-kruk_31.jpg,a photo of a modern building,0.637095,a photo of a modern building: 0.6371 | a photo of a brutalist building: 0.3515 | a photo of a classical building: 0.0094
A_153_unbuilt_43.jpg,C:\Users\LZT\Downloads\brutalism_dataset_200\images\A_153_unbuilt_43.jpg,a photo of a modern building,0.565847,a photo of a modern building: 0.5658 | a photo of a brutalist building: 0.3400 | a photo of a classical building: 0.0541
A_154_4254.jpg,C:\Users\LZT\Downloads\brutalism_dataset_200\images\A_154_4254.jpg,a photo of a brutalist building,0.954647,a photo of a brutalist building: 0.9546 | a photo of a modern building: 0.0278 | a photo of an interior space: 0.0140
A_155_unbuilt_43.jpg,C:\Users\LZT\Downloads\brutalism_dataset_200\images\A_155_unbuilt_43.jpg,a photo of a modern building,0.565847,a photo of a modern building: 0.5658 | a photo of a brutalist building: 0.3400 | a photo of a classical building: 0.0541
A_156_centro-internacional-de-convencoes-kenyatta-icone-modernista-da-arquitetura-africana-pos-colonial_6.jpg,C:\Users\LZT\Downloads\brutalism_dataset_200\images\A_156_centro-internacional-de-convencoes-kenyatta-icone-modernista-da-arquitetura-africana-pos-colonial_6.jpg,a photo of a modern building,0.832309,a photo of a modern building: 0.8323 | a photo of a brutalist building: 0.1231 | a photo of an urban streetscape: 0.0349
A_157_03.jpg,C:\Users\LZT\Downloads\brutalism_dataset_200\images\A_157_03.jpg,a photo of a brutalist building,0.583725,a photo of a brutalist building: 0.5837 | a photo of a modern building: 0.3486 | a photo of an interior space: 0.0534
A_158_salas-de-estar-abertas-que-conectam-o-interior-com-o-exterior_5.jpg,C:\Users\LZT\Downloads\brutalism_dataset_200\images\A_158_salas-de-estar-abertas-que-conectam-o-interior-com-o-exterior_5.jpg,a photo of an interior space,0.924374,a photo of an interior space: 0.9244 | a photo of a modern building: 0.0548 | a photo of an urban streetscape: 0.0119
A_159_centro-internacional-de-convencoes-kenyatta-icone-modernista-da-arquitetura-africana-pos-colonial_6.jpg,C:\Users\LZT\Downloads\brutalism_dataset_200\images\A_159_centro-internacional-de-convencoes-kenyatta-icone-modernista-da-arquitetura-africana-pos-colonial_6.jpg,a photo of a modern building,0.832309,a photo of a modern building: 0.8323 | a photo of a brutalist building: 0.1231 | a photo of an urban streetscape: 0.0349
A_160_the-legacy-of-brutalism-on-moroccos-post-independence-architectural-landscape_11.jpg,C:\Users\LZT\Downloads\brutalism_dataset_200\images\A_160_the-legacy-of-brutalism-on-moroccos-post-independence-architectural-landscape_11.jpg,a photo of a brutalist building,0.934266,a photo of a brutalist building: 0.9343 | a photo of a modern building: 0.0607 | a photo of an urban streetscape: 0.0024
A_161_the-legacy-of-brutalism-on-moroccos-post-independence-architectural-landscape_11.jpg,C:\Users\LZT\Downloads\brutalism_dataset_200\images\A_161_the-legacy-of-brutalism-on-moroccos-post-independence-architectural-landscape_11.jpg,a photo of a brutalist building,0.934266,a photo of a brutalist building: 0.9343 | a photo of a modern building: 0.0607 | a photo of an urban streetscape: 0.0024
A_162_a-look-at-the-first-10-editions-of-the-mpavilion-in-melbourne-australia_7.jpg,C:\Users\LZT\Downloads\brutalism_dataset_200\images\A_162_a-look-at-the-first-10-editions-of-the-mpavilion-in-melbourne-australia_7.jpg,a photo of a modern building,0.825759,a photo of a modern building: 0.8258 | a photo of an urban streetscape: 0.0752 | a photo of a brutalist building: 0.0491
A_163_designed-by-tadao-ando-mpavilion-10-opens-in-melbourne-australia_1.jpg,C:\Users\LZT\Downloads\brutalism_dataset_200\images\A_163_designed-by-tadao-ando-mpavilion-10-opens-in-melbourne-australia_1.jpg,a photo of a modern building,0.750766,a photo of a modern building: 0.7508 | a photo of a classical building: 0.1407 | a photo of a brutalist building: 0.0843
A_164_a-look-at-the-first-10-editions-of-the-mpavilion-in-melbourne-australia_7.jpg,C:\Users\LZT\Downloads\brutalism_dataset_200\images\A_164_a-look-at-the-first-10-editions-of-the-mpavilion-in-melbourne-australia_7.jpg,a photo of a modern building,0.825759,a photo of a modern building: 0.8258 | a photo of an urban streetscape: 0.0752 | a photo of a brutalist building: 0.0491
A_165_designed-by-tadao-ando-mpavilion-10-opens-in-melbourne-australia_1.jpg,C:\Users\LZT\Downloads\brutalism_dataset_200\images\A_165_designed-by-tadao-ando-mpavilion-10-opens-in-melbourne-australia_1.jpg,a photo of a modern building,0.750766,a photo of a modern building: 0.7508 | a photo of a classical building: 0.1407 | a photo of a brutalist building: 0.0843
A_166_la-aplicacion-del-hormigon-pigmentado-en-casas-latinoamericanas_2.jpg,C:\Users\LZT\Downloads\brutalism_dataset_200\images\A_166_la-aplicacion-del-hormigon-pigmentado-en-casas-latinoamericanas_2.jpg,a photo of a modern building,0.723689,a photo of a modern building: 0.7237 | a photo of a brutalist building: 0.2267 | a photo of a classical building: 0.0245
A_167_la-aplicacion-del-hormigon-pigmentado-en-casas-latinoamericanas_2.jpg,C:\Users\LZT\Downloads\brutalism_dataset_200\images\A_167_la-aplicacion-del-hormigon-pigmentado-en-casas-latinoamericanas_2.jpg,a photo of a modern building,0.723689,a photo of a modern building: 0.7237 | a photo of a brutalist building: 0.2267 | a photo of a classical building: 0.0245
A_168_apartamentos-com-estrutura-aparente_11.jpg,C:\Users\LZT\Downloads\brutalism_dataset_200\images\A_168_apartamentos-com-estrutura-aparente_11.jpg,a photo of an interior space,0.553452,a photo of an interior space: 0.5535 | a photo of a brutalist building: 0.4149 | a photo of a modern building: 0.0293
A_169_apartamentos-com-estrutura-aparente_11.jpg,C:\Users\LZT\Downloads\brutalism_dataset_200\images\A_169_apartamentos-com-estrutura-aparente_11.jpg,a photo of an interior space,0.553452,a photo of an interior space: 0.5535 | a photo of a brutalist building: 0.4149 | a photo of a modern building: 0.0293
A_170_Roof_Garden.jpg,C:\Users\LZT\Downloads\brutalism_dataset_200\images\A_170_Roof_Garden.jpg,a photo of a modern building,0.933484,a photo of a modern building: 0.9335 | a photo of a brutalist building: 0.0239 | a photo of a classical building: 0.0186
A_171_Roof_Garden.jpg,C:\Users\LZT\Downloads\brutalism_dataset_200\images\A_171_Roof_Garden.jpg,a photo of a modern building,0.933484,a photo of a modern building: 0.9335 | a photo of a brutalist building: 0.0239 | a photo of a classical building: 0.0186
A_172_c-timeraw-studio-01.jpg,C:\Users\LZT\Downloads\brutalism_dataset_200\images\A_172_c-timeraw-studio-01.jpg,a photo of a modern building,0.625838,a photo of a modern building: 0.6258 | a photo of a brutalist building: 0.2635 | a photo of a classical building: 0.1035
A_173__GRA4768.jpg,C:\Users\LZT\Downloads\brutalism_dataset_200\images\A_173__GRA4768.jpg,a photo of an interior space,0.941295,a photo of an interior space: 0.9413 | a photo of a brutalist building: 0.0384 | a photo of a modern building: 0.0148
A_174__GRA4768.jpg,C:\Users\LZT\Downloads\brutalism_dataset_200\images\A_174__GRA4768.jpg,a photo of an interior space,0.941295,a photo of an interior space: 0.9413 | a photo of a brutalist building: 0.0384 | a photo of a modern building: 0.0148
D_001_ikea-ps-2026-lamp-lex-pott_dezeen_2364_hero_1.jpg,C:\Users\LZT\Downloads\brutalism_dataset_200\images\D_001_ikea-ps-2026-lamp-lex-pott_dezeen_2364_hero_1.jpg,a photo of an urban streetscape,0.4536,a photo of an urban streetscape: 0.4536 | a photo of an interior space: 0.3055 | a photo of a modern building: 0.1221
D_002_ikea-inflatable-chair-milan-design-week-ps-collection_dezeen_2364_hero_2.jpg,C:\Users\LZT\Downloads\brutalism_dataset_200\images\D_002_ikea-inflatable-chair-milan-design-week-ps-collection_dezeen_2364_hero_2.jpg,a photo of an interior space,0.817647,a photo of an interior space: 0.8176 | a photo of a modern building: 0.0752 | a photo of a brutalist building: 0.0375
D_003_neil-dusheiko-architects-church-house-extension-uk-sq2_dezeen_2364_col_0.jpg,C:\Users\LZT\Downloads\brutalism_dataset_200\images\D_003_neil-dusheiko-architects-church-house-extension-uk-sq2_dezeen_2364_col_0.jpg,a photo of a classical building,0.428428,a photo of a classical building: 0.4284 | a photo of an urban streetscape: 0.3491 | a photo of a brutalist building: 0.1242
D_004_gender-pay-gap-uk-architecture-studios_dezeen_2364_col_0.jpg,C:\Users\LZT\Downloads\brutalism_dataset_200\images\D_004_gender-pay-gap-uk-architecture-studios_dezeen_2364_col_0.jpg,a photo of an interior space,0.892576,a photo of an interior space: 0.8926 | a photo of an urban streetscape: 0.0558 | a photo of a modern building: 0.0397
D_005_beyond-the-pantheon-startt-architecture-rome-renovations-cultural-rome-italy_dezeen_2364_sq.jpg,C:\Users\LZT\Downloads\brutalism_dataset_200\images\D_005_beyond-the-pantheon-startt-architecture-rome-renovations-cultural-rome-italy_dezeen_2364_sq.jpg,a photo of an interior space,0.484097,a photo of an interior space: 0.4841 | a photo of an urban streetscape: 0.2771 | a photo of a classical building: 0.2147
D_006_lacma-zumthor-art-installations-_dezeen_2364_sq23_0.jpg,C:\Users\LZT\Downloads\brutalism_dataset_200\images\D_006_lacma-zumthor-art-installations-_dezeen_2364_sq23_0.jpg,a photo of a modern building,0.530545,a photo of a modern building: 0.5305 | a photo of an interior space: 0.2666 | a photo of a brutalist building: 0.1545
D_007_triumphal-arch-donald-trump-washington-dc_dezeen_2364_hero.jpg,C:\Users\LZT\Downloads\brutalism_dataset_200\images\D_007_triumphal-arch-donald-trump-washington-dc_dezeen_2364_hero.jpg,a photo of a classical building,0.916843,a photo of a classical building: 0.9168 | a photo of a modern building: 0.0538 | a photo of an interior space: 0.0175
D_008_big-tpac-nashville-metal-curtain_dezeen_2364_sq.jpg,C:\Users\LZT\Downloads\brutalism_dataset_200\images\D_008_big-tpac-nashville-metal-curtain_dezeen_2364_sq.jpg,a photo of a modern building,0.969529,a photo of a modern building: 0.9695 | a photo of a classical building: 0.0131 | a photo of a brutalist building: 0.0124
D_009_trump-tower-tbilisi-gensler-georgia-tallest-building_dezeen_2364_col_1.jpg,C:\Users\LZT\Downloads\brutalism_dataset_200\images\D_009_trump-tower-tbilisi-gensler-georgia-tallest-building_dezeen_2364_col_1.jpg,a photo of an urban streetscape,0.488287,a photo of an urban streetscape: 0.4883 | a photo of a modern building: 0.3028 | a photo of a brutalist building: 0.1303
D_010_rosa-maria-house-delavegacanolassorosa-maria-house-delavegacanolasso-madrid-spain-architecture_dezeen_2364_sq.jpg,C:\Users\LZT\Downloads\brutalism_dataset_200\images\D_010_rosa-maria-house-delavegacanolassorosa-maria-house-delavegacanolasso-madrid-spain-architecture_dezeen_2364_sq.jpg,a photo of an interior space,0.95705,a photo of an interior space: 0.9570 | a photo of a modern building: 0.0362 | a photo of a brutalist building: 0.0032
D_011_anastasiia-tempynska-gunia-project-showroom-hero-2.jpg,C:\Users\LZT\Downloads\brutalism_dataset_200\images\D_011_anastasiia-tempynska-gunia-project-showroom-hero-2.jpg,a photo of an interior space,0.988676,a photo of an interior space: 0.9887 | a photo of a classical building: 0.0061 | a photo of a modern building: 0.0033
D_012_jiyhun-kim-ceramics_dezeen_2364_hero_0.jpg,C:\Users\LZT\Downloads\brutalism_dataset_200\images\D_012_jiyhun-kim-ceramics_dezeen_2364_hero_0.jpg,a photo of an interior space,0.893267,a photo of an interior space: 0.8933 | a photo of a modern building: 0.0460 | a photo of a classical building: 0.0312
D_013_the-willow_denizens_dezeen_hero1.jpg,C:\Users\LZT\Downloads\brutalism_dataset_200\images\D_013_the-willow_denizens_dezeen_hero1.jpg,a photo of an interior space,0.969697,a photo of an interior space: 0.9697 | a photo of a brutalist building: 0.0129 | a photo of a modern building: 0.0083
D_014_a-serpentine-pavilion-lanza-atelier-london-architecture-uk-news_dezeen_2364_portrait_hero.jpg,C:\Users\LZT\Downloads\brutalism_dataset_200\images\D_014_a-serpentine-pavilion-lanza-atelier-london-architecture-uk-news_dezeen_2364_portrait_hero.jpg,a photo of an urban streetscape,0.420334,a photo of an urban streetscape: 0.4203 | a photo of an interior space: 0.3099 | a photo of a brutalist building: 0.1463
D_015_guggenheim-museum-bilbao-frank-gehry-sq_dezeen_1704_col_0.jpg,C:\Users\LZT\Downloads\brutalism_dataset_200\images\D_015_guggenheim-museum-bilbao-frank-gehry-sq_dezeen_1704_col_0.jpg,a photo of a modern building,0.697301,a photo of a modern building: 0.6973 | a photo of a brutalist building: 0.1997 | a photo of a classical building: 0.0916
D_016_gate-lodge-dining-room-lookbook-hero_dezeen_2364_col_0.jpg,C:\Users\LZT\Downloads\brutalism_dataset_200\images\D_016_gate-lodge-dining-room-lookbook-hero_dezeen_2364_col_0.jpg,a photo of an interior space,0.941123,a photo of an interior space: 0.9411 | a photo of a classical building: 0.0219 | a photo of a brutalist building: 0.0215
D_017_sq-shanghai-grand-opera-house-spiral-staircase-roof-snohetta_dezeen_2364_col_1.jpg,C:\Users\LZT\Downloads\brutalism_dataset_200\images\D_017_sq-shanghai-grand-opera-house-spiral-staircase-roof-snohetta_dezeen_2364_col_1.jpg,a photo of a modern building,0.691051,a photo of a modern building: 0.6911 | a photo of a classical building: 0.2454 | a photo of an interior space: 0.0425
D_018_safdie-architects-cherokee-center-oklahoma-renderings_dezeen_2364_sq2.jpg,C:\Users\LZT\Downloads\brutalism_dataset_200\images\D_018_safdie-architects-cherokee-center-oklahoma-renderings_dezeen_2364_sq2.jpg,a photo of a modern building,0.83446,a photo of a modern building: 0.8345 | a photo of a classical building: 0.0722 | a photo of a brutalist building: 0.0686
D_019_read-milan-design-week-dezeen-dispatch-online-now_dezeen_2364_col_0.jpg,C:\Users\LZT\Downloads\brutalism_dataset_200\images\D_019_read-milan-design-week-dezeen-dispatch-online-now_dezeen_2364_col_0.jpg,a photo of an interior space,0.785787,a photo of an interior space: 0.7858 | a photo of a modern building: 0.0973 | a photo of an urban streetscape: 0.0751
D_020_capsule-plaza-news_dezeen_2364_col_99_dezeen_2364_col_0.jpg,C:\Users\LZT\Downloads\brutalism_dataset_200\images\D_020_capsule-plaza-news_dezeen_2364_col_99_dezeen_2364_col_0.jpg,a photo of an interior space,0.979227,a photo of an interior space: 0.9792 | a photo of a modern building: 0.0153 | a photo of a classical building: 0.0030
D_021_The-Peoples-Clock-marten-baas-schiphol_dezeen_2364_col_sq.jpg,C:\Users\LZT\Downloads\brutalism_dataset_200\images\D_021_The-Peoples-Clock-marten-baas-schiphol_dezeen_2364_col_sq.jpg,a photo of an interior space,0.85183,a photo of an interior space: 0.8518 | a photo of a modern building: 0.1148 | a photo of an urban streetscape: 0.0277
D_022_famously-stalled-construction-projects_dezeen_2364_col_3.jpg,C:\Users\LZT\Downloads\brutalism_dataset_200\images\D_022_famously-stalled-construction-projects_dezeen_2364_col_3.jpg,a photo of a modern building,0.96609,a photo of a modern building: 0.9661 | a photo of an urban streetscape: 0.0160 | a photo of a brutalist building: 0.0100
D_023_eden-gardens-populous-renovation-india-cricket-stadium-kolkata_dezeen_2364_hero.jpg,C:\Users\LZT\Downloads\brutalism_dataset_200\images\D_023_eden-gardens-populous-renovation-india-cricket-stadium-kolkata_dezeen_2364_hero.jpg,a photo of an interior space,0.834653,a photo of an interior space: 0.8347 | a photo of a modern building: 0.1174 | a photo of an urban streetscape: 0.0306
D_024_the-paper-log-shell-and-core-issey-miyake-ensamble-studio-milan-design-week-furniture-sq-1.jpg,C:\Users\LZT\Downloads\brutalism_dataset_200\images\D_024_the-paper-log-shell-and-core-issey-miyake-ensamble-studio-milan-design-week-furniture-sq-1.jpg,a photo of a classical building,0.43013,a photo of a classical building: 0.4301 | a photo of an interior space: 0.2450 | a photo of a modern building: 0.1875
D_025_dsl-studio-romance-of-fragility-hero-2.jpg,C:\Users\LZT\Downloads\brutalism_dataset_200\images\D_025_dsl-studio-romance-of-fragility-hero-2.jpg,a photo of an interior space,0.932746,a photo of an interior space: 0.9327 | a photo of an urban streetscape: 0.0408 | a photo of a modern building: 0.0160
D_026_va-east-museum-odonnell-tuomey-ja-projects-studio-mutt-london-uk_dezeen_2364_hero_0.jpg,C:\Users\LZT\Downloads\brutalism_dataset_200\images\D_026_va-east-museum-odonnell-tuomey-ja-projects-studio-mutt-london-uk_dezeen_2364_hero_0.jpg,a photo of a modern building,0.778333,a photo of a modern building: 0.7783 | a photo of a brutalist building: 0.1976 | a photo of a classical building: 0.0190
D_027_dongjak-art-space-christ-gantenbein-architecture-cultural-seoul-south-korea-pavilions_dezeen_2364_hero.jpg,C:\Users\LZT\Downloads\brutalism_dataset_200\images\D_027_dongjak-art-space-christ-gantenbein-architecture-cultural-seoul-south-korea-pavilions_dezeen_2364_hero.jpg,a photo of a brutalist building,0.325798,a photo of a brutalist building: 0.3258 | a photo of a modern building: 0.3022 | a photo of an interior space: 0.2347
D_028_40-duke-st-nice-projects_dezeen_2364_col_6.jpg,C:\Users\LZT\Downloads\brutalism_dataset_200\images\D_028_40-duke-st-nice-projects_dezeen_2364_col_6.jpg,a photo of an interior space,0.985388,a photo of an interior space: 0.9854 | a photo of a brutalist building: 0.0064 | a photo of a modern building: 0.0061
D_029_nicolas-laisne-architectes-vatea-apartment-block-france_dezeen_2364_col_0.jpg,C:\Users\LZT\Downloads\brutalism_dataset_200\images\D_029_nicolas-laisne-architectes-vatea-apartment-block-france_dezeen_2364_col_0.jpg,a photo of a brutalist building,0.538998,a photo of a brutalist building: 0.5390 | a photo of a modern building: 0.4351 | a photo of a classical building: 0.0212
